{"data":[{"name":"01020","detail":"Chicopee, MA"},{"name":"01040","detail":"Holyoke, MA"},{"name":"01085","detail":"Westfield, MA"},{"name":"01089","detail":"West Springfield, MA"},{"name":"01201","detail":"Pittsfield, MA"},{"name":"01420","detail":"Fitchburg, MA"},{"name":"01453","detail":"Leominster, MA"},{"name":"01545","detail":"Shrewsbury, MA"},{"name":"01604","detail":"Worcester, MA"},{"name":"01701","detail":"Framingham, MA"},{"name":"01752","detail":"Marlborough, MA"},{"name":"01757","detail":"Milford, MA"},{"name":"01760","detail":"Natick, MA"},{"name":"01801","detail":"Woburn, MA"},{"name":"01803","detail":"Burlington, MA"},{"name":"01810","detail":"Andover, MA"},{"name":"01821","detail":"Billerica, MA"},{"name":"01824","detail":"Chelmsford, MA"},{"name":"01826","detail":"Dracut, MA"},{"name":"01841","detail":"Lawrence, MA"},{"name":"01844","detail":"Methuen, MA"},{"name":"01845","detail":"North Andover, MA"},{"name":"01851","detail":"Lowell, MA"},{"name":"01867","detail":"Reading, MA"},{"name":"01876","detail":"Tewksbury, MA"},{"name":"01880","detail":"Wakefield, MA"},{"name":"01886","detail":"Westford, MA"},{"name":"01887","detail":"Wilmington, MA"},{"name":"01902","detail":"Lynn, MA"},{"name":"01906","detail":"Saugus, MA"},{"name":"01915","detail":"Beverly, MA"},{"name":"01923","detail":"Danvers, MA"},{"name":"01930","detail":"Gloucester, MA"},{"name":"01960","detail":"Peabody, MA"},{"name":"01970","detail":"Salem, MA"},{"name":"02026","detail":"Dedham, MA"},{"name":"02038","detail":"Franklin, MA"},{"name":"02048","detail":"Mansfield, MA"},{"name":"02062","detail":"Norwood, MA"},{"name":"02072","detail":"Stoughton, MA"},{"name":"02124","detail":"Dorchester Center, MA"},{"name":"02125","detail":"Dorchester, MA"},{"name":"02127","detail":"Boston, MA"},{"name":"02130","detail":"Jamaica Plain, MA"},{"name":"02131","detail":"Roslindale, MA"},{"name":"02132","detail":"West Roxbury, MA"},{"name":"02135","detail":"Brighton, MA"},{"name":"02136","detail":"Hyde Park, MA"},{"name":"02138","detail":"Cambridge, MA"},{"name":"02148","detail":"Malden, MA"},{"name":"02149","detail":"Everett, MA"},{"name":"02150","detail":"Chelsea, MA"},{"name":"02151","detail":"Revere, MA"},{"name":"02155","detail":"Medford, MA"},{"name":"02169","detail":"Quincy, MA"},{"name":"02176","detail":"Melrose, MA"},{"name":"02184","detail":"Braintree, MA"},{"name":"02186","detail":"Milton, MA"},{"name":"02301","detail":"Brockton, MA"},{"name":"02360","detail":"Plymouth, MA"},{"name":"02368","detail":"Randolph, MA"},{"name":"02446","detail":"Brookline, MA"},{"name":"02453","detail":"Waltham, MA"},{"name":"02472","detail":"Watertown, MA"},{"name":"02474","detail":"Arlington, MA"},{"name":"02478","detail":"Belmont, MA"},{"name":"02703","detail":"Attleboro, MA"},{"name":"02720","detail":"Fall River, MA"},{"name":"02740","detail":"New Bedford, MA"},{"name":"02760","detail":"North Attleboro, MA"},{"name":"02780","detail":"Taunton, MA"},{"name":"02816","detail":"Coventry, RI"},{"name":"02852","detail":"North Kingstown, RI"},{"name":"02860","detail":"Pawtucket, RI"},{"name":"02864","detail":"Cumberland, RI"},{"name":"02886","detail":"Warwick, RI"},{"name":"02893","detail":"West Warwick, RI"},{"name":"02895","detail":"Woonsocket, RI"},{"name":"02904","detail":"Providence, RI"},{"name":"02919","detail":"Johnston, RI"},{"name":"02920","detail":"Cranston, RI"},{"name":"03038","detail":"Derry, NH"},{"name":"03051","detail":"Hudson, NH"},{"name":"03053","detail":"Londonderry, NH"},{"name":"03054","detail":"Merrimack, NH"},{"name":"03060","detail":"Nashua, NH"},{"name":"03102","detail":"Manchester, NH"},{"name":"03301","detail":"Concord, NH"},{"name":"03820","detail":"Dover, NH"},{"name":"04103","detail":"Portland, ME"},{"name":"04106","detail":"South Portland, ME"},{"name":"04240","detail":"Lewiston, ME"},{"name":"04401","detail":"Bangor, ME"},{"name":"06010","detail":"Bristol, CT"},{"name":"06033","detail":"Glastonbury, CT"},{"name":"06051","detail":"New Britain, CT"},{"name":"06066","detail":"Vernon Rockville, CT"},{"name":"06074","detail":"South Windsor, CT"},{"name":"06082","detail":"Enfield, CT"},{"name":"06095","detail":"Windsor, CT"},{"name":"06106","detail":"Hartford, CT"},{"name":"06109","detail":"Wethersfield, CT"},{"name":"06111","detail":"Newington, CT"},{"name":"06118","detail":"East Hartford, CT"},{"name":"06340","detail":"Groton, CT"},{"name":"06360","detail":"Norwich, CT"},{"name":"06405","detail":"Branford, CT"},{"name":"06410","detail":"Cheshire, CT"},{"name":"06450","detail":"Meriden, CT"},{"name":"06457","detail":"Middletown, CT"},{"name":"06473","detail":"North Haven, CT"},{"name":"06484","detail":"Shelton, CT"},{"name":"06489","detail":"Southington, CT"},{"name":"06492","detail":"Wallingford, CT"},{"name":"06511","detail":"New Haven, CT"},{"name":"06512","detail":"East Haven, CT"},{"name":"06514","detail":"Hamden, CT"},{"name":"06516","detail":"West Haven, CT"},{"name":"06606","detail":"Bridgeport, CT"},{"name":"06611","detail":"Trumbull, CT"},{"name":"06614","detail":"Stratford, CT"},{"name":"06705","detail":"Waterbury, CT"},{"name":"06770","detail":"Naugatuck, CT"},{"name":"06776","detail":"New Milford, CT"},{"name":"06790","detail":"Torrington, CT"},{"name":"06810","detail":"Danbury, CT"},{"name":"06824","detail":"Fairfield, CT"},{"name":"06851","detail":"Norwalk, CT"},{"name":"06877","detail":"Ridgefield, CT"},{"name":"06880","detail":"Westport, CT"},{"name":"06902","detail":"Stamford, CT"},{"name":"07002","detail":"Bayonne, NJ"},{"name":"07003","detail":"Bloomfield, NJ"},{"name":"07006","detail":"Caldwell, NJ"},{"name":"07011","detail":"Clifton, NJ"},{"name":"07016","detail":"Cranford, NJ"},{"name":"07017","detail":"East Orange, NJ"},{"name":"07024","detail":"Fort Lee, NJ"},{"name":"07026","detail":"Garfield, NJ"},{"name":"07030","detail":"Hoboken, NJ"},{"name":"07032","detail":"Kearny, NJ"},{"name":"07036","detail":"Linden, NJ"},{"name":"07039","detail":"Livingston, NJ"},{"name":"07040","detail":"Maplewood, NJ"},{"name":"07042","detail":"Montclair, NJ"},{"name":"07047","detail":"North Bergen, NJ"},{"name":"07050","detail":"Orange, NJ"},{"name":"07052","detail":"West Orange, NJ"},{"name":"07054","detail":"Parsippany, NJ"},{"name":"07055","detail":"Passaic, NJ"},{"name":"07060","detail":"Plainfield, NJ"},{"name":"07065","detail":"Rahway, NJ"},{"name":"07076","detail":"Scotch Plains, NJ"},{"name":"07080","detail":"South Plainfield, NJ"},{"name":"07083","detail":"Union, NJ"},{"name":"07087","detail":"Union City, NJ"},{"name":"07093","detail":"West New York, NJ"},{"name":"07103","detail":"Newark, NJ"},{"name":"07109","detail":"Belleville, NJ"},{"name":"07110","detail":"Nutley, NJ"},{"name":"07111","detail":"Irvington, NJ"},{"name":"07202","detail":"Elizabeth, NJ"},{"name":"07302","detail":"Jersey City, NJ"},{"name":"07410","detail":"Fair Lawn, NJ"},{"name":"07424","detail":"Little Falls, NJ"},{"name":"07430","detail":"Mahwah, NJ"},{"name":"07450","detail":"Ridgewood, NJ"},{"name":"07470","detail":"Wayne, NJ"},{"name":"07501","detail":"Paterson, NJ"},{"name":"07601","detail":"Hackensack, NJ"},{"name":"07621","detail":"Bergenfield, NJ"},{"name":"07631","detail":"Englewood, NJ"},{"name":"07652","detail":"Paramus, NJ"},{"name":"07666","detail":"Teaneck, NJ"},{"name":"07675","detail":"Westwood, NJ"},{"name":"07712","detail":"Asbury Park, NJ"},{"name":"07726","detail":"Englishtown, NJ"},{"name":"07728","detail":"Freehold, NJ"},{"name":"07731","detail":"Howell, NJ"},{"name":"07740","detail":"Long Branch, NJ"},{"name":"07747","detail":"Matawan, NJ"},{"name":"07753","detail":"Neptune, NJ"},{"name":"07840","detail":"Hackettstown, NJ"},{"name":"07860","detail":"Newton, NJ"},{"name":"07866","detail":"Rockaway, NJ"},{"name":"07920","detail":"Basking Ridge, NJ"},{"name":"07960","detail":"Morristown, NJ"},{"name":"08003","detail":"Cherry Hill, NJ"},{"name":"08012","detail":"Blackwood, NJ"},{"name":"08021","detail":"Clementon, NJ"},{"name":"08037","detail":"Hammonton, NJ"},{"name":"08043","detail":"Voorhees, NJ"},{"name":"08046","detail":"Willingboro, NJ"},{"name":"08050","detail":"Manahawkin, NJ"},{"name":"08053","detail":"Marlton, NJ"},{"name":"08054","detail":"Mount Laurel, NJ"},{"name":"08060","detail":"Mount Holly, NJ"},{"name":"08075","detail":"Riverside, NJ"},{"name":"08080","detail":"Sewell, NJ"},{"name":"08081","detail":"Sicklerville, NJ"},{"name":"08087","detail":"Tuckerton, NJ"},{"name":"08088","detail":"Vincentown, NJ"},{"name":"08094","detail":"Williamstown, NJ"},{"name":"08096","detail":"West Deptford, NJ"},{"name":"08105","detail":"Camden, NJ"},{"name":"08205","detail":"Absecon, NJ"},{"name":"08234","detail":"Egg Harbor Township, NJ"},{"name":"08302","detail":"Bridgeton, NJ"},{"name":"08330","detail":"Mays Landing, NJ"},{"name":"08332","detail":"Millville, NJ"},{"name":"08360","detail":"Vineland, NJ"},{"name":"08401","detail":"Atlantic City, NJ"},{"name":"08520","detail":"Hightstown, NJ"},{"name":"08527","detail":"Jackson, NJ"},{"name":"08540","detail":"Princeton, NJ"},{"name":"08610","detail":"Trenton, NJ"},{"name":"08648","detail":"Lawrence Township, NJ"},{"name":"08701","detail":"Lakewood, NJ"},{"name":"08723","detail":"Brick, NJ"},{"name":"08742","detail":"Point Pleasant Beach, NJ"},{"name":"08753","detail":"Toms River, NJ"},{"name":"08759","detail":"Manchester Township, NJ"},{"name":"08807","detail":"Bridgewater, NJ"},{"name":"08816","detail":"East Brunswick, NJ"},{"name":"08817","detail":"Edison, NJ"},{"name":"08822","detail":"Flemington, NJ"},{"name":"08831","detail":"Monroe Township, NJ"},{"name":"08844","detail":"Hillsborough, NJ"},{"name":"08854","detail":"Piscataway, NJ"},{"name":"08857","detail":"Old Bridge, NJ"},{"name":"08859","detail":"Parlin, NJ"},{"name":"08861","detail":"Perth Amboy, NJ"},{"name":"08865","detail":"Phillipsburg, NJ"},{"name":"08873","detail":"Somerset, NJ"},{"name":"08901","detail":"New Brunswick, NJ"},{"name":"08902","detail":"North Brunswick, NJ"},{"name":"10002","detail":"New York, NY"},{"name":"10301","detail":"Staten Island, NY"},{"name":"10451","detail":"Bronx, NY"},{"name":"10512","detail":"Carmel, NY"},{"name":"10541","detail":"Mahopac, NY"},{"name":"10550","detail":"Mount Vernon, NY"},{"name":"10562","detail":"Ossining, NY"},{"name":"10573","detail":"Port Chester, NY"},{"name":"10583","detail":"Scarsdale, NY"},{"name":"10598","detail":"Yorktown Heights, NY"},{"name":"10701","detail":"Yonkers, NY"},{"name":"10801","detail":"New Rochelle, NY"},{"name":"10950","detail":"Monroe, NY"},{"name":"10952","detail":"Monsey, NY"},{"name":"10954","detail":"Nanuet, NY"},{"name":"10956","detail":"New City, NY"},{"name":"10977","detail":"Spring Valley, NY"},{"name":"11001","detail":"Floral Park, NY"},{"name":"11003","detail":"Elmont, NY"},{"name":"11010","detail":"Franklin Square, NY"},{"name":"11040","detail":"New Hyde Park, NY"},{"name":"11050","detail":"Port Washington, NY"},{"name":"11102","detail":"Astoria, NY"},{"name":"11104","detail":"Sunnyside, NY"},{"name":"11201","detail":"Brooklyn, NY"},{"name":"11354","detail":"Flushing, NY"},{"name":"11357","detail":"Whitestone, NY"},{"name":"11361","detail":"Bayside, NY"},{"name":"11364","detail":"Oakland Gardens, NY"},{"name":"11365","detail":"Fresh Meadows, NY"},{"name":"11368","detail":"Corona, NY"},{"name":"11369","detail":"East Elmhurst, NY"},{"name":"11372","detail":"Jackson Heights, NY"},{"name":"11373","detail":"Elmhurst, NY"},{"name":"11374","detail":"Rego Park, NY"},{"name":"11375","detail":"Forest Hills, NY"},{"name":"11377","detail":"Woodside, NY"},{"name":"11378","detail":"Maspeth, NY"},{"name":"11379","detail":"Middle Village, NY"},{"name":"11412","detail":"Saint Albans, NY"},{"name":"11413","detail":"Springfield Gardens, NY"},{"name":"11414","detail":"Howard Beach, NY"},{"name":"11417","detail":"Ozone Park, NY"},{"name":"11418","detail":"Richmond Hill, NY"},{"name":"11419","detail":"South Richmond Hill, NY"},{"name":"11420","detail":"South Ozone Park, NY"},{"name":"11421","detail":"Woodhaven, NY"},{"name":"11422","detail":"Rosedale, NY"},{"name":"11423","detail":"Hollis, NY"},{"name":"11432","detail":"Jamaica, NY"},{"name":"11510","detail":"Baldwin, NY"},{"name":"11520","detail":"Freeport, NY"},{"name":"11530","detail":"Garden City, NY"},{"name":"11542","detail":"Glen Cove, NY"},{"name":"11550","detail":"Hempstead, NY"},{"name":"11552","detail":"West Hempstead, NY"},{"name":"11553","detail":"Uniondale, NY"},{"name":"11554","detail":"East Meadow, NY"},{"name":"11561","detail":"Long Beach, NY"},{"name":"11566","detail":"Merrick, NY"},{"name":"11570","detail":"Rockville Centre, NY"},{"name":"11572","detail":"Oceanside, NY"},{"name":"11580","detail":"Valley Stream, NY"},{"name":"11590","detail":"Westbury, NY"},{"name":"11691","detail":"Far Rockaway, NY"},{"name":"11701","detail":"Amityville, NY"},{"name":"11704","detail":"West Babylon, NY"},{"name":"11706","detail":"Bay Shore, NY"},{"name":"11710","detail":"Bellmore, NY"},{"name":"11714","detail":"Bethpage, NY"},{"name":"11717","detail":"Brentwood, NY"},{"name":"11720","detail":"Centereach, NY"},{"name":"11722","detail":"Central Islip, NY"},{"name":"11725","detail":"Commack, NY"},{"name":"11727","detail":"Coram, NY"},{"name":"11729","detail":"Deer Park, NY"},{"name":"11731","detail":"East Northport, NY"},{"name":"11735","detail":"Farmingdale, NY"},{"name":"11741","detail":"Holbrook, NY"},{"name":"11743","detail":"Huntington, NY"},{"name":"11746","detail":"Huntington Station, NY"},{"name":"11756","detail":"Levittown, NY"},{"name":"11757","detail":"Lindenhurst, NY"},{"name":"11758","detail":"Massapequa, NY"},{"name":"11762","detail":"Massapequa Park, NY"},{"name":"11772","detail":"Patchogue, NY"},{"name":"11776","detail":"Port Jefferson Station, NY"},{"name":"11779","detail":"Ronkonkoma, NY"},{"name":"11784","detail":"Selden, NY"},{"name":"11787","detail":"Smithtown, NY"},{"name":"11791","detail":"Syosset, NY"},{"name":"11793","detail":"Wantagh, NY"},{"name":"11795","detail":"West Islip, NY"},{"name":"11801","detail":"Hicksville, NY"},{"name":"11803","detail":"Plainview, NY"},{"name":"11967","detail":"Shirley, NY"},{"name":"12010","detail":"Amsterdam, NY"},{"name":"12020","detail":"Ballston Spa, NY"},{"name":"12065","detail":"Clifton Park, NY"},{"name":"12180","detail":"Troy, NY"},{"name":"12203","detail":"Albany, NY"},{"name":"12302","detail":"Schenectady, NY"},{"name":"12401","detail":"Kingston, NY"},{"name":"12533","detail":"Hopewell Junction, NY"},{"name":"12550","detail":"Newburgh, NY"},{"name":"12553","detail":"New Windsor, NY"},{"name":"12590","detail":"Wappingers Falls, NY"},{"name":"12601","detail":"Poughkeepsie, NY"},{"name":"12804","detail":"Queensbury, NY"},{"name":"12866","detail":"Saratoga Springs, NY"},{"name":"12901","detail":"Plattsburgh, NY"},{"name":"13021","detail":"Auburn, NY"},{"name":"13027","detail":"Baldwinsville, NY"},{"name":"13090","detail":"Liverpool, NY"},{"name":"13126","detail":"Oswego, NY"},{"name":"13440","detail":"Rome, NY"},{"name":"13501","detail":"Utica, NY"},{"name":"13760","detail":"Endicott, NY"},{"name":"14043","detail":"Depew, NY"},{"name":"14075","detail":"Hamburg, NY"},{"name":"14086","detail":"Lancaster, NY"},{"name":"14094","detail":"Lockport, NY"},{"name":"14120","detail":"North Tonawanda, NY"},{"name":"14127","detail":"Orchard Park, NY"},{"name":"14150","detail":"Tonawanda, NY"},{"name":"14215","detail":"Buffalo, NY"},{"name":"14304","detail":"Niagara Falls, NY"},{"name":"14424","detail":"Canandaigua, NY"},{"name":"14450","detail":"Fairport, NY"},{"name":"14534","detail":"Pittsford, NY"},{"name":"14580","detail":"Webster, NY"},{"name":"14606","detail":"Rochester, NY"},{"name":"14701","detail":"Jamestown, NY"},{"name":"14850","detail":"Ithaca, NY"},{"name":"15001","detail":"Aliquippa, PA"},{"name":"15010","detail":"Beaver Falls, PA"},{"name":"15044","detail":"Gibsonia, PA"},{"name":"15068","detail":"New Kensington, PA"},{"name":"15101","detail":"Allison Park, PA"},{"name":"15102","detail":"Bethel Park, PA"},{"name":"15108","detail":"Coraopolis, PA"},{"name":"15146","detail":"Monroeville, PA"},{"name":"15206","detail":"Pittsburgh, PA"},{"name":"15301","detail":"Washington, PA"},{"name":"15317","detail":"Canonsburg, PA"},{"name":"15401","detail":"Uniontown, PA"},{"name":"15601","detail":"Greensburg, PA"},{"name":"15642","detail":"Irwin, PA"},{"name":"15650","detail":"Latrobe, PA"},{"name":"15701","detail":"Indiana, PA"},{"name":"16001","detail":"Butler, PA"},{"name":"16066","detail":"Cranberry Twp, PA"},{"name":"16101","detail":"New Castle, PA"},{"name":"16335","detail":"Meadville, PA"},{"name":"16506","detail":"Erie, PA"},{"name":"16601","detail":"Altoona, PA"},{"name":"16801","detail":"State College, PA"},{"name":"17011","detail":"Camp Hill, PA"},{"name":"17013","detail":"Carlisle, PA"},{"name":"17022","detail":"Elizabethtown, PA"},{"name":"17036","detail":"Hummelstown, PA"},{"name":"17042","detail":"Lebanon, PA"},{"name":"17050","detail":"Mechanicsburg, PA"},{"name":"17109","detail":"Harrisburg, PA"},{"name":"17201","detail":"Chambersburg, PA"},{"name":"17268","detail":"Waynesboro, PA"},{"name":"17325","detail":"Gettysburg, PA"},{"name":"17331","detail":"Hanover, PA"},{"name":"17402","detail":"York, PA"},{"name":"17522","detail":"Ephrata, PA"},{"name":"17543","detail":"Lititz, PA"},{"name":"17701","detail":"Williamsport, PA"},{"name":"18015","detail":"Bethlehem, PA"},{"name":"18042","detail":"Easton, PA"},{"name":"18052","detail":"Whitehall, PA"},{"name":"18062","detail":"Macungie, PA"},{"name":"18064","detail":"Nazareth, PA"},{"name":"18102","detail":"Allentown, PA"},{"name":"18201","detail":"Hazleton, PA"},{"name":"18301","detail":"East Stroudsburg, PA"},{"name":"18360","detail":"Stroudsburg, PA"},{"name":"18702","detail":"Wilkes Barre, PA"},{"name":"18901","detail":"Doylestown, PA"},{"name":"18940","detail":"Newtown, PA"},{"name":"18944","detail":"Perkasie, PA"},{"name":"18951","detail":"Quakertown, PA"},{"name":"18966","detail":"Southampton, PA"},{"name":"18974","detail":"Warminster, PA"},{"name":"19002","detail":"Ambler, PA"},{"name":"19013","detail":"Chester, PA"},{"name":"19020","detail":"Bensalem, PA"},{"name":"19026","detail":"Drexel Hill, PA"},{"name":"19038","detail":"Glenside, PA"},{"name":"19047","detail":"Langhorne, PA"},{"name":"19050","detail":"Lansdowne, PA"},{"name":"19053","detail":"Feasterville Trevose, PA"},{"name":"19061","detail":"Marcus Hook, PA"},{"name":"19063","detail":"Media, PA"},{"name":"19064","detail":"Springfield, PA"},{"name":"19067","detail":"Morrisville, PA"},{"name":"19082","detail":"Upper Darby, PA"},{"name":"19083","detail":"Havertown, PA"},{"name":"19111","detail":"Philadelphia, PA"},{"name":"19320","detail":"Coatesville, PA"},{"name":"19335","detail":"Downingtown, PA"},{"name":"19355","detail":"Malvern, PA"},{"name":"19380","detail":"West Chester, PA"},{"name":"19401","detail":"Norristown, PA"},{"name":"19406","detail":"King Of Prussia, PA"},{"name":"19426","detail":"Collegeville, PA"},{"name":"19438","detail":"Harleysville, PA"},{"name":"19446","detail":"Lansdale, PA"},{"name":"19454","detail":"North Wales, PA"},{"name":"19460","detail":"Phoenixville, PA"},{"name":"19464","detail":"Pottstown, PA"},{"name":"19468","detail":"Royersford, PA"},{"name":"19701","detail":"Bear, DE"},{"name":"20109","detail":"Manassas, VA"},{"name":"20120","detail":"Centreville, VA"},{"name":"20136","detail":"Bristow, VA"},{"name":"20147","detail":"Ashburn, VA"},{"name":"20155","detail":"Gainesville, VA"},{"name":"20164","detail":"Sterling, VA"},{"name":"20170","detail":"Herndon, VA"},{"name":"20175","detail":"Leesburg, VA"},{"name":"20191","detail":"Reston, VA"},{"name":"20601","detail":"Waldorf, MD"},{"name":"20705","detail":"Beltsville, MD"},{"name":"20706","detail":"Lanham, MD"},{"name":"20707","detail":"Laurel, MD"},{"name":"20715","detail":"Bowie, MD"},{"name":"20735","detail":"Clinton, MD"},{"name":"20743","detail":"Capitol Heights, MD"},{"name":"20744","detail":"Fort Washington, MD"},{"name":"20745","detail":"Oxon Hill, MD"},{"name":"20746","detail":"Suitland, MD"},{"name":"20747","detail":"District Heights, MD"},{"name":"20748","detail":"Temple Hills, MD"},{"name":"20772","detail":"Upper Marlboro, MD"},{"name":"20782","detail":"Hyattsville, MD"},{"name":"20814","detail":"Bethesda, MD"},{"name":"20815","detail":"Chevy Chase, MD"},{"name":"20832","detail":"Olney, MD"},{"name":"20850","detail":"Rockville, MD"},{"name":"20854","detail":"Potomac, MD"},{"name":"20874","detail":"Germantown, MD"},{"name":"20877","detail":"Gaithersburg, MD"},{"name":"20886","detail":"Montgomery Village, MD"},{"name":"20901","detail":"Silver Spring, MD"},{"name":"21009","detail":"Abingdon, MD"},{"name":"21014","detail":"Bel Air, MD"},{"name":"21030","detail":"Cockeysville, MD"},{"name":"21042","detail":"Ellicott City, MD"},{"name":"21044","detail":"Columbia, MD"},{"name":"21060","detail":"Glen Burnie, MD"},{"name":"21075","detail":"Elkridge, MD"},{"name":"21093","detail":"Lutherville Timonium, MD"},{"name":"21113","detail":"Odenton, MD"},{"name":"21114","detail":"Crofton, MD"},{"name":"21117","detail":"Owings Mills, MD"},{"name":"21122","detail":"Pasadena, MD"},{"name":"21133","detail":"Randallstown, MD"},{"name":"21136","detail":"Reisterstown, MD"},{"name":"21144","detail":"Severn, MD"},{"name":"21146","detail":"Severna Park, MD"},{"name":"21157","detail":"Westminster, MD"},{"name":"21206","detail":"Baltimore, MD"},{"name":"21207","detail":"Gwynn Oak, MD"},{"name":"21208","detail":"Pikesville, MD"},{"name":"21220","detail":"Middle River, MD"},{"name":"21221","detail":"Essex, MD"},{"name":"21222","detail":"Dundalk, MD"},{"name":"21227","detail":"Halethorpe, MD"},{"name":"21228","detail":"Catonsville, MD"},{"name":"21234","detail":"Parkville, MD"},{"name":"21236","detail":"Nottingham, MD"},{"name":"21244","detail":"Windsor Mill, MD"},{"name":"21401","detail":"Annapolis, MD"},{"name":"21701","detail":"Frederick, MD"},{"name":"21740","detail":"Hagerstown, MD"},{"name":"21771","detail":"Mount Airy, MD"},{"name":"21784","detail":"Sykesville, MD"},{"name":"21801","detail":"Salisbury, MD"},{"name":"21921","detail":"Elkton, MD"},{"name":"22003","detail":"Annandale, VA"},{"name":"22015","detail":"Burke, VA"},{"name":"22030","detail":"Fairfax, VA"},{"name":"22041","detail":"Falls Church, VA"},{"name":"22079","detail":"Lorton, VA"},{"name":"22101","detail":"Mc Lean, VA"},{"name":"22180","detail":"Vienna, VA"},{"name":"22191","detail":"Woodbridge, VA"},{"name":"22304","detail":"Alexandria, VA"},{"name":"22405","detail":"Fredericksburg, VA"},{"name":"22554","detail":"Stafford, VA"},{"name":"22601","detail":"Winchester, VA"},{"name":"22630","detail":"Front Royal, VA"},{"name":"22701","detail":"Culpeper, VA"},{"name":"22801","detail":"Harrisonburg, VA"},{"name":"22901","detail":"Charlottesville, VA"},{"name":"23059","detail":"Glen Allen, VA"},{"name":"23111","detail":"Mechanicsville, VA"},{"name":"23112","detail":"Midlothian, VA"},{"name":"23139","detail":"Powhatan, VA"},{"name":"23185","detail":"Williamsburg, VA"},{"name":"23223","detail":"Richmond, VA"},{"name":"23228","detail":"Henrico, VA"},{"name":"23320","detail":"Chesapeake, VA"},{"name":"23434","detail":"Suffolk, VA"},{"name":"23451","detail":"Virginia Beach, VA"},{"name":"23503","detail":"Norfolk, VA"},{"name":"23601","detail":"Newport News, VA"},{"name":"23666","detail":"Hampton, VA"},{"name":"23693","detail":"Yorktown, VA"},{"name":"23703","detail":"Portsmouth, VA"},{"name":"23803","detail":"Petersburg, VA"},{"name":"23832","detail":"Chesterfield, VA"},{"name":"23834","detail":"Colonial Heights, VA"},{"name":"23860","detail":"Hopewell, VA"},{"name":"24012","detail":"Roanoke, VA"},{"name":"24060","detail":"Blacksburg, VA"},{"name":"24073","detail":"Christiansburg, VA"},{"name":"24112","detail":"Martinsville, VA"},{"name":"24401","detail":"Staunton, VA"},{"name":"24502","detail":"Lynchburg, VA"},{"name":"24540","detail":"Danville, VA"},{"name":"25801","detail":"Beckley, WV"},{"name":"26003","detail":"Wheeling, WV"},{"name":"26101","detail":"Parkersburg, WV"},{"name":"26301","detail":"Clarksburg, WV"},{"name":"26508","detail":"Morgantown, WV"},{"name":"26554","detail":"Fairmont, WV"},{"name":"27012","detail":"Clemmons, NC"},{"name":"27028","detail":"Mocksville, NC"},{"name":"27103","detail":"Winston Salem, NC"},{"name":"27205","detail":"Asheboro, NC"},{"name":"27253","detail":"Graham, NC"},{"name":"27265","detail":"High Point, NC"},{"name":"27284","detail":"Kernersville, NC"},{"name":"27292","detail":"Lexington, NC"},{"name":"27302","detail":"Mebane, NC"},{"name":"27320","detail":"Reidsville, NC"},{"name":"27330","detail":"Sanford, NC"},{"name":"27360","detail":"Thomasville, NC"},{"name":"27405","detail":"Greensboro, NC"},{"name":"27502","detail":"Apex, NC"},{"name":"27511","detail":"Cary, NC"},{"name":"27516","detail":"Chapel Hill, NC"},{"name":"27520","detail":"Clayton, NC"},{"name":"27526","detail":"Fuquay Varina, NC"},{"name":"27529","detail":"Garner, NC"},{"name":"27530","detail":"Goldsboro, NC"},{"name":"27540","detail":"Holly Springs, NC"},{"name":"27587","detail":"Wake Forest, NC"},{"name":"27603","detail":"Raleigh, NC"},{"name":"27703","detail":"Durham, NC"},{"name":"27804","detail":"Rocky Mount, NC"},{"name":"27834","detail":"Greenville, NC"},{"name":"27870","detail":"Roanoke Rapids, NC"},{"name":"27893","detail":"Wilson, NC"},{"name":"27909","detail":"Elizabeth City, NC"},{"name":"28031","detail":"Cornelius, NC"},{"name":"28052","detail":"Gastonia, NC"},{"name":"28078","detail":"Huntersville, NC"},{"name":"28079","detail":"Indian Trail, NC"},{"name":"28086","detail":"Kings Mountain, NC"},{"name":"28092","detail":"Lincolnton, NC"},{"name":"28104","detail":"Matthews, NC"},{"name":"28115","detail":"Mooresville, NC"},{"name":"28173","detail":"Waxhaw, NC"},{"name":"28205","detail":"Charlotte, NC"},{"name":"28303","detail":"Fayetteville, NC"},{"name":"28348","detail":"Hope Mills, NC"},{"name":"28358","detail":"Lumberton, NC"},{"name":"28376","detail":"Raeford, NC"},{"name":"28451","detail":"Leland, NC"},{"name":"28540","detail":"Jacksonville, NC"},{"name":"28560","detail":"New Bern, NC"},{"name":"28601","detail":"Hickory, NC"},{"name":"28625","detail":"Statesville, NC"},{"name":"28645","detail":"Lenoir, NC"},{"name":"28655","detail":"Morganton, NC"},{"name":"28752","detail":"Marion, NC"},{"name":"28792","detail":"Hendersonville, NC"},{"name":"28803","detail":"Asheville, NC"},{"name":"29063","detail":"Irmo, SC"},{"name":"29150","detail":"Sumter, SC"},{"name":"29301","detail":"Spartanburg, SC"},{"name":"29349","detail":"Inman, SC"},{"name":"29406","detail":"Charleston, SC"},{"name":"29440","detail":"Georgetown, SC"},{"name":"29445","detail":"Goose Creek, SC"},{"name":"29456","detail":"Ladson, SC"},{"name":"29461","detail":"Moncks Corner, SC"},{"name":"29464","detail":"Mount Pleasant, SC"},{"name":"29483","detail":"Summerville, SC"},{"name":"29501","detail":"Florence, SC"},{"name":"29526","detail":"Conway, SC"},{"name":"29550","detail":"Hartsville, SC"},{"name":"29576","detail":"Murrells Inlet, SC"},{"name":"29577","detail":"Myrtle Beach, SC"},{"name":"29621","detail":"Anderson, SC"},{"name":"29640","detail":"Easley, SC"},{"name":"29646","detail":"Greenwood, SC"},{"name":"29650","detail":"Greer, SC"},{"name":"29673","detail":"Piedmont, SC"},{"name":"29680","detail":"Simpsonville, SC"},{"name":"29687","detail":"Taylors, SC"},{"name":"29708","detail":"Fort Mill, SC"},{"name":"29710","detail":"Clover, SC"},{"name":"29730","detail":"Rock Hill, SC"},{"name":"29803","detail":"Aiken, SC"},{"name":"29841","detail":"North Augusta, SC"},{"name":"29910","detail":"Bluffton, SC"},{"name":"30004","detail":"Alpharetta, GA"},{"name":"30008","detail":"Marietta, GA"},{"name":"30012","detail":"Conyers, GA"},{"name":"30014","detail":"Covington, GA"},{"name":"30019","detail":"Dacula, GA"},{"name":"30024","detail":"Suwanee, GA"},{"name":"30030","detail":"Decatur, GA"},{"name":"30038","detail":"Lithonia, GA"},{"name":"30039","detail":"Snellville, GA"},{"name":"30040","detail":"Cumming, GA"},{"name":"30043","detail":"Lawrenceville, GA"},{"name":"30047","detail":"Lilburn, GA"},{"name":"30052","detail":"Loganville, GA"},{"name":"30075","detail":"Roswell, GA"},{"name":"30080","detail":"Smyrna, GA"},{"name":"30083","detail":"Stone Mountain, GA"},{"name":"30084","detail":"Tucker, GA"},{"name":"30092","detail":"Norcross, GA"},{"name":"30096","detail":"Duluth, GA"},{"name":"30101","detail":"Acworth, GA"},{"name":"30114","detail":"Canton, GA"},{"name":"30117","detail":"Carrollton, GA"},{"name":"30120","detail":"Cartersville, GA"},{"name":"30126","detail":"Mableton, GA"},{"name":"30127","detail":"Powder Springs, GA"},{"name":"30132","detail":"Dallas, GA"},{"name":"30134","detail":"Douglasville, GA"},{"name":"30144","detail":"Kennesaw, GA"},{"name":"30180","detail":"Villa Rica, GA"},{"name":"30188","detail":"Woodstock, GA"},{"name":"30213","detail":"Fairburn, GA"},{"name":"30223","detail":"Griffin, GA"},{"name":"30236","detail":"Jonesboro, GA"},{"name":"30240","detail":"Lagrange, GA"},{"name":"30252","detail":"Mcdonough, GA"},{"name":"30263","detail":"Newnan, GA"},{"name":"30269","detail":"Peachtree City, GA"},{"name":"30274","detail":"Riverdale, GA"},{"name":"30281","detail":"Stockbridge, GA"},{"name":"30294","detail":"Ellenwood, GA"},{"name":"30303","detail":"Atlanta, GA"},{"name":"30518","detail":"Buford, GA"},{"name":"30534","detail":"Dawsonville, GA"},{"name":"30542","detail":"Flowery Branch, GA"},{"name":"30605","detail":"Athens, GA"},{"name":"30680","detail":"Winder, GA"},{"name":"30701","detail":"Calhoun, GA"},{"name":"30705","detail":"Chatsworth, GA"},{"name":"30721","detail":"Dalton, GA"},{"name":"30736","detail":"Ringgold, GA"},{"name":"30741","detail":"Rossville, GA"},{"name":"30809","detail":"Evans, GA"},{"name":"30813","detail":"Grovetown, GA"},{"name":"30815","detail":"Hephzibah, GA"},{"name":"30906","detail":"Augusta, GA"},{"name":"31021","detail":"Dublin, GA"},{"name":"31061","detail":"Milledgeville, GA"},{"name":"31088","detail":"Warner Robins, GA"},{"name":"31204","detail":"Macon, GA"},{"name":"31313","detail":"Hinesville, GA"},{"name":"31404","detail":"Savannah, GA"},{"name":"31525","detail":"Brunswick, GA"},{"name":"31601","detail":"Valdosta, GA"},{"name":"31904","detail":"Columbus, GA"},{"name":"32003","detail":"Fleming Island, FL"},{"name":"32034","detail":"Fernandina Beach, FL"},{"name":"32043","detail":"Green Cove Springs, FL"},{"name":"32065","detail":"Orange Park, FL"},{"name":"32068","detail":"Middleburg, FL"},{"name":"32082","detail":"Ponte Vedra Beach, FL"},{"name":"32084","detail":"Saint Augustine, FL"},{"name":"32127","detail":"Port Orange, FL"},{"name":"32137","detail":"Palm Coast, FL"},{"name":"32159","detail":"Lady Lake, FL"},{"name":"32162","detail":"The Villages, FL"},{"name":"32174","detail":"Ormond Beach, FL"},{"name":"32250","detail":"Jacksonville Beach, FL"},{"name":"32259","detail":"Saint Johns, FL"},{"name":"32303","detail":"Tallahassee, FL"},{"name":"32404","detail":"Panama City, FL"},{"name":"32503","detail":"Pensacola, FL"},{"name":"32533","detail":"Cantonment, FL"},{"name":"32547","detail":"Fort Walton Beach, FL"},{"name":"32566","detail":"Navarre, FL"},{"name":"32578","detail":"Niceville, FL"},{"name":"32703","detail":"Apopka, FL"},{"name":"32707","detail":"Casselberry, FL"},{"name":"32708","detail":"Winter Springs, FL"},{"name":"32714","detail":"Altamonte Springs, FL"},{"name":"32720","detail":"Deland, FL"},{"name":"32725","detail":"Deltona, FL"},{"name":"32746","detail":"Lake Mary, FL"},{"name":"32765","detail":"Oviedo, FL"},{"name":"32779","detail":"Longwood, FL"},{"name":"32780","detail":"Titusville, FL"},{"name":"32792","detail":"Winter Park, FL"},{"name":"32806","detail":"Orlando, FL"},{"name":"32904","detail":"Melbourne, FL"},{"name":"32907","detail":"Palm Bay, FL"},{"name":"32927","detail":"Cocoa, FL"},{"name":"32937","detail":"Satellite Beach, FL"},{"name":"32955","detail":"Rockledge, FL"},{"name":"32958","detail":"Sebastian, FL"},{"name":"33009","detail":"Hallandale, FL"},{"name":"33010","detail":"Hialeah, FL"},{"name":"33020","detail":"Hollywood, FL"},{"name":"33028","detail":"Pembroke Pines, FL"},{"name":"33030","detail":"Homestead, FL"},{"name":"33040","detail":"Key West, FL"},{"name":"33054","detail":"Opa Locka, FL"},{"name":"33056","detail":"Miami Gardens, FL"},{"name":"33060","detail":"Pompano Beach, FL"},{"name":"33125","detail":"Miami, FL"},{"name":"33139","detail":"Miami Beach, FL"},{"name":"33160","detail":"North Miami Beach, FL"},{"name":"33308","detail":"Fort Lauderdale, FL"},{"name":"33404","detail":"West Palm Beach, FL"},{"name":"33410","detail":"Palm Beach Gardens, FL"},{"name":"33414","detail":"Wellington, FL"},{"name":"33428","detail":"Boca Raton, FL"},{"name":"33435","detail":"Boynton Beach, FL"},{"name":"33442","detail":"Deerfield Beach, FL"},{"name":"33445","detail":"Delray Beach, FL"},{"name":"33458","detail":"Jupiter, FL"},{"name":"33460","detail":"Lake Worth, FL"},{"name":"33470","detail":"Loxahatchee, FL"},{"name":"33510","detail":"Brandon, FL"},{"name":"33569","detail":"Riverview, FL"},{"name":"33594","detail":"Valrico, FL"},{"name":"33604","detail":"Tampa, FL"},{"name":"33702","detail":"Saint Petersburg, FL"},{"name":"33756","detail":"Clearwater, FL"},{"name":"33771","detail":"Largo, FL"},{"name":"33801","detail":"Lakeland, FL"},{"name":"33823","detail":"Auburndale, FL"},{"name":"33844","detail":"Haines City, FL"},{"name":"33880","detail":"Winter Haven, FL"},{"name":"33904","detail":"Cape Coral, FL"},{"name":"33905","detail":"Fort Myers, FL"},{"name":"33917","detail":"North Fort Myers, FL"},{"name":"33952","detail":"Port Charlotte, FL"},{"name":"34116","detail":"Naples, FL"},{"name":"34135","detail":"Bonita Springs, FL"},{"name":"34203","detail":"Bradenton, FL"},{"name":"34221","detail":"Palmetto, FL"},{"name":"34231","detail":"Sarasota, FL"},{"name":"34293","detail":"Venice, FL"},{"name":"34491","detail":"Summerfield, FL"},{"name":"34608","detail":"Spring Hill, FL"},{"name":"34639","detail":"Land O Lakes, FL"},{"name":"34653","detail":"New Port Richey, FL"},{"name":"34668","detail":"Port Richey, FL"},{"name":"34683","detail":"Palm Harbor, FL"},{"name":"34698","detail":"Dunedin, FL"},{"name":"34711","detail":"Clermont, FL"},{"name":"34741","detail":"Kissimmee, FL"},{"name":"34761","detail":"Ocoee, FL"},{"name":"34786","detail":"Windermere, FL"},{"name":"34787","detail":"Winter Garden, FL"},{"name":"34952","detail":"Port Saint Lucie, FL"},{"name":"34990","detail":"Palm City, FL"},{"name":"34997","detail":"Stuart, FL"},{"name":"35007","detail":"Alabaster, AL"},{"name":"35124","detail":"Pelham, AL"},{"name":"35173","detail":"Trussville, AL"},{"name":"35209","detail":"Birmingham, AL"},{"name":"35405","detail":"Tuscaloosa, AL"},{"name":"35640","detail":"Hartselle, AL"},{"name":"35758","detail":"Madison, AL"},{"name":"35803","detail":"Huntsville, AL"},{"name":"36067","detail":"Prattville, AL"},{"name":"36109","detail":"Montgomery, AL"},{"name":"36301","detail":"Dothan, AL"},{"name":"36330","detail":"Enterprise, AL"},{"name":"36526","detail":"Daphne, AL"},{"name":"36532","detail":"Fairhope, AL"},{"name":"36605","detail":"Mobile, AL"},{"name":"37013","detail":"Antioch, TN"},{"name":"37040","detail":"Clarksville, TN"},{"name":"37055","detail":"Dickson, TN"},{"name":"37066","detail":"Gallatin, TN"},{"name":"37072","detail":"Goodlettsville, TN"},{"name":"37076","detail":"Hermitage, TN"},{"name":"37086","detail":"La Vergne, TN"},{"name":"37110","detail":"Mcminnville, TN"},{"name":"37122","detail":"Mount Juliet, TN"},{"name":"37128","detail":"Murfreesboro, TN"},{"name":"37160","detail":"Shelbyville, TN"},{"name":"37205","detail":"Nashville, TN"},{"name":"37312","detail":"Cleveland, TN"},{"name":"37343","detail":"Hixson, TN"},{"name":"37363","detail":"Ooltewah, TN"},{"name":"37379","detail":"Soddy Daisy, TN"},{"name":"37388","detail":"Tullahoma, TN"},{"name":"37421","detail":"Chattanooga, TN"},{"name":"37601","detail":"Johnson City, TN"},{"name":"37643","detail":"Elizabethton, TN"},{"name":"37659","detail":"Jonesborough, TN"},{"name":"37660","detail":"Kingsport, TN"},{"name":"37803","detail":"Maryville, TN"},{"name":"37830","detail":"Oak Ridge, TN"},{"name":"37849","detail":"Powell, TN"},{"name":"37876","detail":"Sevierville, TN"},{"name":"37918","detail":"Knoxville, TN"},{"name":"38016","detail":"Cordova, TN"},{"name":"38017","detail":"Collierville, TN"},{"name":"38024","detail":"Dyersburg, TN"},{"name":"38053","detail":"Millington, TN"},{"name":"38106","detail":"Memphis, TN"},{"name":"38501","detail":"Cookeville, TN"},{"name":"38632","detail":"Hernando, MS"},{"name":"38637","detail":"Horn Lake, MS"},{"name":"38654","detail":"Olive Branch, MS"},{"name":"38655","detail":"Oxford, MS"},{"name":"38671","detail":"Southaven, MS"},{"name":"38801","detail":"Tupelo, MS"},{"name":"39120","detail":"Natchez, MS"},{"name":"39180","detail":"Vicksburg, MS"},{"name":"39208","detail":"Pearl, MS"},{"name":"39401","detail":"Hattiesburg, MS"},{"name":"39503","detail":"Gulfport, MS"},{"name":"39532","detail":"Biloxi, MS"},{"name":"39564","detail":"Ocean Springs, MS"},{"name":"39759","detail":"Starkville, MS"},{"name":"40004","detail":"Bardstown, KY"},{"name":"40165","detail":"Shepherdsville, KY"},{"name":"40207","detail":"Louisville, KY"},{"name":"40356","detail":"Nicholasville, KY"},{"name":"40601","detail":"Frankfort, KY"},{"name":"41017","detail":"Ft Mitchell, KY"},{"name":"41018","detail":"Erlanger, KY"},{"name":"41051","detail":"Independence, KY"},{"name":"42001","detail":"Paducah, KY"},{"name":"42101","detail":"Bowling Green, KY"},{"name":"42141","detail":"Glasgow, KY"},{"name":"42240","detail":"Hopkinsville, KY"},{"name":"42301","detail":"Owensboro, KY"},{"name":"42420","detail":"Henderson, KY"},{"name":"42431","detail":"Madisonville, KY"},{"name":"43015","detail":"Delaware, OH"},{"name":"43026","detail":"Hilliard, OH"},{"name":"43035","detail":"Lewis Center, OH"},{"name":"43040","detail":"Marysville, OH"},{"name":"43062","detail":"Pataskala, OH"},{"name":"43068","detail":"Reynoldsburg, OH"},{"name":"43081","detail":"Westerville, OH"},{"name":"43110","detail":"Canal Winchester, OH"},{"name":"43119","detail":"Galloway, OH"},{"name":"43123","detail":"Grove City, OH"},{"name":"43147","detail":"Pickerington, OH"},{"name":"43420","detail":"Fremont, OH"},{"name":"43512","detail":"Defiance, OH"},{"name":"43537","detail":"Maumee, OH"},{"name":"43551","detail":"Perrysburg, OH"},{"name":"43560","detail":"Sylvania, OH"},{"name":"43612","detail":"Toledo, OH"},{"name":"43701","detail":"Zanesville, OH"},{"name":"44004","detail":"Ashtabula, OH"},{"name":"44012","detail":"Avon Lake, OH"},{"name":"44024","detail":"Chardon, OH"},{"name":"44035","detail":"Elyria, OH"},{"name":"44039","detail":"North Ridgeville, OH"},{"name":"44052","detail":"Lorain, OH"},{"name":"44060","detail":"Mentor, OH"},{"name":"44070","detail":"North Olmsted, OH"},{"name":"44077","detail":"Painesville, OH"},{"name":"44094","detail":"Willoughby, OH"},{"name":"44095","detail":"Eastlake, OH"},{"name":"44122","detail":"Beachwood, OH"},{"name":"44133","detail":"North Royalton, OH"},{"name":"44136","detail":"Strongsville, OH"},{"name":"44139","detail":"Solon, OH"},{"name":"44145","detail":"Westlake, OH"},{"name":"44146","detail":"Bedford, OH"},{"name":"44203","detail":"Barberton, OH"},{"name":"44221","detail":"Cuyahoga Falls, OH"},{"name":"44224","detail":"Stow, OH"},{"name":"44240","detail":"Kent, OH"},{"name":"44256","detail":"Medina, OH"},{"name":"44266","detail":"Ravenna, OH"},{"name":"44281","detail":"Wadsworth, OH"},{"name":"44312","detail":"Akron, OH"},{"name":"44406","detail":"Canfield, OH"},{"name":"44512","detail":"Youngstown, OH"},{"name":"44601","detail":"Alliance, OH"},{"name":"44646","detail":"Massillon, OH"},{"name":"44663","detail":"New Philadelphia, OH"},{"name":"44691","detail":"Wooster, OH"},{"name":"44720","detail":"North Canton, OH"},{"name":"44805","detail":"Ashland, OH"},{"name":"44870","detail":"Sandusky, OH"},{"name":"44883","detail":"Tiffin, OH"},{"name":"45011","detail":"Hamilton, OH"},{"name":"45039","detail":"Maineville, OH"},{"name":"45040","detail":"Mason, OH"},{"name":"45066","detail":"Springboro, OH"},{"name":"45103","detail":"Batavia, OH"},{"name":"45140","detail":"Loveland, OH"},{"name":"45211","detail":"Cincinnati, OH"},{"name":"45324","detail":"Fairborn, OH"},{"name":"45342","detail":"Miamisburg, OH"},{"name":"45356","detail":"Piqua, OH"},{"name":"45365","detail":"Sidney, OH"},{"name":"45385","detail":"Xenia, OH"},{"name":"45420","detail":"Dayton, OH"},{"name":"45601","detail":"Chillicothe, OH"},{"name":"45840","detail":"Findlay, OH"},{"name":"46037","detail":"Fishers, IN"},{"name":"46060","detail":"Noblesville, IN"},{"name":"46077","detail":"Zionsville, IN"},{"name":"46112","detail":"Brownsburg, IN"},{"name":"46123","detail":"Avon, IN"},{"name":"46140","detail":"Greenfield, IN"},{"name":"46201","detail":"Indianapolis, IN"},{"name":"46304","detail":"Chesterton, IN"},{"name":"46307","detail":"Crown Point, IN"},{"name":"46321","detail":"Munster, IN"},{"name":"46322","detail":"Highland, IN"},{"name":"46342","detail":"Hobart, IN"},{"name":"46350","detail":"La Porte, IN"},{"name":"46360","detail":"Michigan City, IN"},{"name":"46368","detail":"Portage, IN"},{"name":"46375","detail":"Schererville, IN"},{"name":"46383","detail":"Valparaiso, IN"},{"name":"46410","detail":"Merrillville, IN"},{"name":"46514","detail":"Elkhart, IN"},{"name":"46526","detail":"Goshen, IN"},{"name":"46530","detail":"Granger, IN"},{"name":"46544","detail":"Mishawaka, IN"},{"name":"46614","detail":"South Bend, IN"},{"name":"46804","detail":"Fort Wayne, IN"},{"name":"46901","detail":"Kokomo, IN"},{"name":"46947","detail":"Logansport, IN"},{"name":"47130","detail":"Jeffersonville, IN"},{"name":"47150","detail":"New Albany, IN"},{"name":"47274","detail":"Seymour, IN"},{"name":"47302","detail":"Muncie, IN"},{"name":"47401","detail":"Bloomington, IN"},{"name":"47711","detail":"Evansville, IN"},{"name":"47802","detail":"Terre Haute, IN"},{"name":"47905","detail":"Lafayette, IN"},{"name":"47906","detail":"West Lafayette, IN"},{"name":"47933","detail":"Crawfordsville, IN"},{"name":"48021","detail":"Eastpointe, MI"},{"name":"48035","detail":"Clinton Township, MI"},{"name":"48042","detail":"Macomb, MI"},{"name":"48045","detail":"Harrison Township, MI"},{"name":"48047","detail":"New Baltimore, MI"},{"name":"48060","detail":"Port Huron, MI"},{"name":"48066","detail":"Roseville, MI"},{"name":"48067","detail":"Royal Oak, MI"},{"name":"48071","detail":"Madison Heights, MI"},{"name":"48076","detail":"Southfield, MI"},{"name":"48089","detail":"Warren, MI"},{"name":"48101","detail":"Allen Park, MI"},{"name":"48103","detail":"Ann Arbor, MI"},{"name":"48124","detail":"Dearborn, MI"},{"name":"48127","detail":"Dearborn Heights, MI"},{"name":"48146","detail":"Lincoln Park, MI"},{"name":"48150","detail":"Livonia, MI"},{"name":"48167","detail":"Northville, MI"},{"name":"48174","detail":"Romulus, MI"},{"name":"48178","detail":"South Lyon, MI"},{"name":"48180","detail":"Taylor, MI"},{"name":"48185","detail":"Westland, MI"},{"name":"48192","detail":"Wyandotte, MI"},{"name":"48195","detail":"Southgate, MI"},{"name":"48197","detail":"Ypsilanti, MI"},{"name":"48205","detail":"Detroit, MI"},{"name":"48212","detail":"Hamtramck, MI"},{"name":"48236","detail":"Grosse Pointe, MI"},{"name":"48237","detail":"Oak Park, MI"},{"name":"48239","detail":"Redford, MI"},{"name":"48310","detail":"Sterling Heights, MI"},{"name":"48322","detail":"West Bloomfield, MI"},{"name":"48329","detail":"Waterford, MI"},{"name":"48331","detail":"Farmington, MI"},{"name":"48348","detail":"Clarkston, MI"},{"name":"48423","detail":"Davison, MI"},{"name":"48430","detail":"Fenton, MI"},{"name":"48439","detail":"Grand Blanc, MI"},{"name":"48446","detail":"Lapeer, MI"},{"name":"48504","detail":"Flint, MI"},{"name":"48601","detail":"Saginaw, MI"},{"name":"48640","detail":"Midland, MI"},{"name":"48706","detail":"Bay City, MI"},{"name":"48823","detail":"East Lansing, MI"},{"name":"48867","detail":"Owosso, MI"},{"name":"48910","detail":"Lansing, MI"},{"name":"49009","detail":"Kalamazoo, MI"},{"name":"49015","detail":"Battle Creek, MI"},{"name":"49022","detail":"Benton Harbor, MI"},{"name":"49085","detail":"Saint Joseph, MI"},{"name":"49120","detail":"Niles, MI"},{"name":"49221","detail":"Adrian, MI"},{"name":"49341","detail":"Rockford, MI"},{"name":"49417","detail":"Grand Haven, MI"},{"name":"49418","detail":"Grandville, MI"},{"name":"49423","detail":"Holland, MI"},{"name":"49426","detail":"Hudsonville, MI"},{"name":"49428","detail":"Jenison, MI"},{"name":"49441","detail":"Muskegon, MI"},{"name":"49464","detail":"Zeeland, MI"},{"name":"49503","detail":"Grand Rapids, MI"},{"name":"49509","detail":"Wyoming, MI"},{"name":"49684","detail":"Traverse City, MI"},{"name":"49855","detail":"Marquette, MI"},{"name":"50010","detail":"Ames, IA"},{"name":"50023","detail":"Ankeny, IA"},{"name":"50158","detail":"Marshalltown, IA"},{"name":"50265","detail":"West Des Moines, IA"},{"name":"50310","detail":"Des Moines, IA"},{"name":"50322","detail":"Urbandale, IA"},{"name":"50401","detail":"Mason City, IA"},{"name":"50501","detail":"Fort Dodge, IA"},{"name":"50613","detail":"Cedar Falls, IA"},{"name":"50701","detail":"Waterloo, IA"},{"name":"51106","detail":"Sioux City, IA"},{"name":"51501","detail":"Council Bluffs, IA"},{"name":"52001","detail":"Dubuque, IA"},{"name":"52240","detail":"Iowa City, IA"},{"name":"52402","detail":"Cedar Rapids, IA"},{"name":"52501","detail":"Ottumwa, IA"},{"name":"52722","detail":"Bettendorf, IA"},{"name":"52761","detail":"Muscatine, IA"},{"name":"52804","detail":"Davenport, IA"},{"name":"53045","detail":"Brookfield, WI"},{"name":"53051","detail":"Menomonee Falls, WI"},{"name":"53066","detail":"Oconomowoc, WI"},{"name":"53072","detail":"Pewaukee, WI"},{"name":"53081","detail":"Sheboygan, WI"},{"name":"53095","detail":"West Bend, WI"},{"name":"53140","detail":"Kenosha, WI"},{"name":"53150","detail":"Muskego, WI"},{"name":"53151","detail":"New Berlin, WI"},{"name":"53154","detail":"Oak Creek, WI"},{"name":"53186","detail":"Waukesha, WI"},{"name":"53204","detail":"Milwaukee, WI"},{"name":"53402","detail":"Racine, WI"},{"name":"53511","detail":"Beloit, WI"},{"name":"53546","detail":"Janesville, WI"},{"name":"53562","detail":"Middleton, WI"},{"name":"53590","detail":"Sun Prairie, WI"},{"name":"54115","detail":"De Pere, WI"},{"name":"54130","detail":"Kaukauna, WI"},{"name":"54220","detail":"Manitowoc, WI"},{"name":"54302","detail":"Green Bay, WI"},{"name":"54401","detail":"Wausau, WI"},{"name":"54449","detail":"Marshfield, WI"},{"name":"54481","detail":"Stevens Point, WI"},{"name":"54494","detail":"Wisconsin Rapids, WI"},{"name":"54601","detail":"La Crosse, WI"},{"name":"54650","detail":"Onalaska, WI"},{"name":"54701","detail":"Eau Claire, WI"},{"name":"54729","detail":"Chippewa Falls, WI"},{"name":"54880","detail":"Superior, WI"},{"name":"54901","detail":"Oshkosh, WI"},{"name":"54911","detail":"Appleton, WI"},{"name":"54935","detail":"Fond Du Lac, WI"},{"name":"54952","detail":"Menasha, WI"},{"name":"54956","detail":"Neenah, WI"},{"name":"55014","detail":"Circle Pines, MN"},{"name":"55016","detail":"Cottage Grove, MN"},{"name":"55021","detail":"Faribault, MN"},{"name":"55033","detail":"Hastings, MN"},{"name":"55044","detail":"Lakeville, MN"},{"name":"55060","detail":"Owatonna, MN"},{"name":"55068","detail":"Rosemount, MN"},{"name":"55082","detail":"Stillwater, MN"},{"name":"55104","detail":"Saint Paul, MN"},{"name":"55303","detail":"Anoka, MN"},{"name":"55311","detail":"Osseo, MN"},{"name":"55316","detail":"Champlin, MN"},{"name":"55318","detail":"Chaska, MN"},{"name":"55330","detail":"Elk River, MN"},{"name":"55337","detail":"Burnsville, MN"},{"name":"55343","detail":"Hopkins, MN"},{"name":"55347","detail":"Eden Prairie, MN"},{"name":"55372","detail":"Prior Lake, MN"},{"name":"55378","detail":"Savage, MN"},{"name":"55379","detail":"Shakopee, MN"},{"name":"55406","detail":"Minneapolis, MN"},{"name":"55912","detail":"Austin, MN"},{"name":"55987","detail":"Winona, MN"},{"name":"56001","detail":"Mankato, MN"},{"name":"56301","detail":"Saint Cloud, MN"},{"name":"56401","detail":"Brainerd, MN"},{"name":"56560","detail":"Moorhead, MN"},{"name":"56601","detail":"Bemidji, MN"},{"name":"57103","detail":"Sioux Falls, SD"},{"name":"57401","detail":"Aberdeen, SD"},{"name":"57701","detail":"Rapid City, SD"},{"name":"58078","detail":"West Fargo, ND"},{"name":"58102","detail":"Fargo, ND"},{"name":"58201","detail":"Grand Forks, ND"},{"name":"58501","detail":"Bismarck, ND"},{"name":"58701","detail":"Minot, ND"},{"name":"59101","detail":"Billings, MT"},{"name":"59404","detail":"Great Falls, MT"},{"name":"59601","detail":"Helena, MT"},{"name":"59701","detail":"Butte, MT"},{"name":"59715","detail":"Bozeman, MT"},{"name":"59801","detail":"Missoula, MT"},{"name":"59901","detail":"Kalispell, MT"},{"name":"60004","detail":"Arlington Heights, IL"},{"name":"60007","detail":"Elk Grove Village, IL"},{"name":"60008","detail":"Rolling Meadows, IL"},{"name":"60010","detail":"Barrington, IL"},{"name":"60014","detail":"Crystal Lake, IL"},{"name":"60015","detail":"Deerfield, IL"},{"name":"60016","detail":"Des Plaines, IL"},{"name":"60025","detail":"Glenview, IL"},{"name":"60030","detail":"Grayslake, IL"},{"name":"60031","detail":"Gurnee, IL"},{"name":"60035","detail":"Highland Park, IL"},{"name":"60046","detail":"Lake Villa, IL"},{"name":"60047","detail":"Lake Zurich, IL"},{"name":"60048","detail":"Libertyville, IL"},{"name":"60050","detail":"Mchenry, IL"},{"name":"60053","detail":"Morton Grove, IL"},{"name":"60056","detail":"Mount Prospect, IL"},{"name":"60060","detail":"Mundelein, IL"},{"name":"60061","detail":"Vernon Hills, IL"},{"name":"60062","detail":"Northbrook, IL"},{"name":"60067","detail":"Palatine, IL"},{"name":"60068","detail":"Park Ridge, IL"},{"name":"60073","detail":"Round Lake, IL"},{"name":"60076","detail":"Skokie, IL"},{"name":"60085","detail":"Waukegan, IL"},{"name":"60089","detail":"Buffalo Grove, IL"},{"name":"60091","detail":"Wilmette, IL"},{"name":"60099","detail":"Zion, IL"},{"name":"60101","detail":"Addison, IL"},{"name":"60102","detail":"Algonquin, IL"},{"name":"60103","detail":"Bartlett, IL"},{"name":"60107","detail":"Streamwood, IL"},{"name":"60110","detail":"Carpentersville, IL"},{"name":"60115","detail":"Dekalb, IL"},{"name":"60120","detail":"Elgin, IL"},{"name":"60133","detail":"Hanover Park, IL"},{"name":"60134","detail":"Geneva, IL"},{"name":"60137","detail":"Glen Ellyn, IL"},{"name":"60139","detail":"Glendale Heights, IL"},{"name":"60142","detail":"Huntley, IL"},{"name":"60148","detail":"Lombard, IL"},{"name":"60156","detail":"Lake In The Hills, IL"},{"name":"60169","detail":"Hoffman Estates, IL"},{"name":"60172","detail":"Roselle, IL"},{"name":"60174","detail":"Saint Charles, IL"},{"name":"60181","detail":"Villa Park, IL"},{"name":"60185","detail":"West Chicago, IL"},{"name":"60187","detail":"Wheaton, IL"},{"name":"60188","detail":"Carol Stream, IL"},{"name":"60193","detail":"Schaumburg, IL"},{"name":"60201","detail":"Evanston, IL"},{"name":"60402","detail":"Berwyn, IL"},{"name":"60409","detail":"Calumet City, IL"},{"name":"60411","detail":"Chicago Heights, IL"},{"name":"60426","detail":"Harvey, IL"},{"name":"60435","detail":"Joliet, IL"},{"name":"60439","detail":"Lemont, IL"},{"name":"60440","detail":"Bolingbrook, IL"},{"name":"60446","detail":"Romeoville, IL"},{"name":"60448","detail":"Mokena, IL"},{"name":"60451","detail":"New Lenox, IL"},{"name":"60452","detail":"Oak Forest, IL"},{"name":"60453","detail":"Oak Lawn, IL"},{"name":"60459","detail":"Burbank, IL"},{"name":"60462","detail":"Orland Park, IL"},{"name":"60466","detail":"Park Forest, IL"},{"name":"60515","detail":"Downers Grove, IL"},{"name":"60559","detail":"Westmont, IL"},{"name":"60621","detail":"Chicago, IL"},{"name":"61350","detail":"Ottawa, IL"},{"name":"61604","detail":"Peoria, IL"},{"name":"61821","detail":"Champaign, IL"},{"name":"63109","detail":"Saint Louis, MO"},{"name":"64151","detail":"Kansas City, MO"},{"name":"65401","detail":"Rolla, MO"},{"name":"66801","detail":"Emporia, KS"},{"name":"67037","detail":"Derby, KS"},{"name":"68107","detail":"Omaha, NE"},{"name":"68506","detail":"Lincoln, NE"},{"name":"68801","detail":"Grand Island, NE"},{"name":"70001","detail":"Metairie, LA"},{"name":"70115","detail":"New Orleans, LA"},{"name":"70301","detail":"Thibodaux, LA"},{"name":"70605","detail":"Lake Charles, LA"},{"name":"70663","detail":"Sulphur, LA"},{"name":"70806","detail":"Baton Rouge, LA"},{"name":"71730","detail":"El Dorado, AR"},{"name":"72209","detail":"Little Rock, AR"},{"name":"73072","detail":"Norman, OK"},{"name":"73112","detail":"Oklahoma City, OK"},{"name":"74403","detail":"Muskogee, OK"},{"name":"74820","detail":"Ada, OK"},{"name":"75043","detail":"Garland, TX"},{"name":"75080","detail":"Richardson, TX"},{"name":"75088","detail":"Rowlett, TX"},{"name":"75115","detail":"Desoto, TX"},{"name":"75126","detail":"Forney, TX"},{"name":"75604","detail":"Longview, TX"},{"name":"76039","detail":"Euless, TX"},{"name":"76110","detail":"Fort Worth, TX"},{"name":"76522","detail":"Copperas Cove, TX"},{"name":"76901","detail":"San Angelo, TX"},{"name":"77016","detail":"Houston, TX"},{"name":"77478","detail":"Sugar Land, TX"},{"name":"77566","detail":"Lake Jackson, TX"},{"name":"77904","detail":"Victoria, TX"},{"name":"78023","detail":"Helotes, TX"},{"name":"78213","detail":"San Antonio, TX"},{"name":"78418","detail":"Corpus Christi, TX"},{"name":"78501","detail":"Mcallen, TX"},{"name":"78552","detail":"Harlingen, TX"},{"name":"79106","detail":"Amarillo, TX"},{"name":"79930","detail":"El Paso, TX"},{"name":"80003","detail":"Arvada, CO"},{"name":"80123","detail":"Littleton, CO"},{"name":"80241","detail":"Thornton, CO"},{"name":"80911","detail":"Colorado Springs, CO"},{"name":"81001","detail":"Pueblo, CO"},{"name":"83301","detail":"Twin Falls, ID"},{"name":"83651","detail":"Nampa, ID"},{"name":"84010","detail":"Bountiful, UT"},{"name":"84067","detail":"Roy, UT"},{"name":"84119","detail":"Salt Lake City, UT"},{"name":"84404","detail":"Ogden, UT"},{"name":"85021","detail":"Phoenix, AZ"},{"name":"85203","detail":"Mesa, AZ"},{"name":"85224","detail":"Chandler, AZ"},{"name":"85302","detail":"Glendale, AZ"},{"name":"85326","detail":"Buckeye, AZ"},{"name":"85351","detail":"Sun City, AZ"},{"name":"85365","detail":"Yuma, AZ"},{"name":"85718","detail":"Tucson, AZ"},{"name":"89523","detail":"Reno, NV"},{"name":"90008","detail":"Los Angeles, CA"},{"name":"90260","detail":"Lawndale, CA"},{"name":"90274","detail":"Palos Verdes Peninsula, CA"},{"name":"90278","detail":"Redondo Beach, CA"},{"name":"90403","detail":"Santa Monica, CA"},{"name":"90505","detail":"Torrance, CA"},{"name":"91010","detail":"Duarte, CA"},{"name":"91316","detail":"Encino, CA"},{"name":"91387","detail":"Canyon Country, CA"},{"name":"91733","detail":"South El Monte, CA"},{"name":"91740","detail":"Glendora, CA"},{"name":"91762","detail":"Ontario, CA"},{"name":"91768","detail":"Pomona, CA"},{"name":"91784","detail":"Upland, CA"},{"name":"92083","detail":"Vista, CA"},{"name":"92111","detail":"San Diego, CA"},{"name":"92220","detail":"Banning, CA"},{"name":"92236","detail":"Coachella, CA"},{"name":"92307","detail":"Apple Valley, CA"},{"name":"92806","detail":"Anaheim, CA"},{"name":"92831","detail":"Fullerton, CA"},{"name":"93035","detail":"Oxnard, CA"},{"name":"93306","detail":"Bakersfield, CA"},{"name":"93555","detail":"Ridgecrest, CA"},{"name":"93635","detail":"Los Banos, CA"},{"name":"93706","detail":"Fresno, CA"},{"name":"94043","detail":"Mountain View, CA"},{"name":"94070","detail":"San Carlos, CA"},{"name":"94566","detail":"Pleasanton, CA"},{"name":"94580","detail":"San Lorenzo, CA"},{"name":"94603","detail":"Oakland, CA"},{"name":"94806","detail":"San Pablo, CA"},{"name":"95008","detail":"Campbell, CA"},{"name":"95050","detail":"Santa Clara, CA"},{"name":"95060","detail":"Santa Cruz, CA"},{"name":"95127","detail":"San Jose, CA"},{"name":"95301","detail":"Atwater, CA"},{"name":"95677","detail":"Rocklin, CA"},{"name":"95820","detail":"Sacramento, CA"},{"name":"95993","detail":"Yuba City, CA"},{"name":"96815","detail":"Honolulu, HI"},{"name":"97062","detail":"Tualatin, OR"},{"name":"97124","detail":"Hillsboro, OR"},{"name":"97402","detail":"Eugene, OR"},{"name":"97603","detail":"Klamath Falls, OR"},{"name":"98037","detail":"Lynnwood, WA"},{"name":"98144","detail":"Seattle, WA"},{"name":"98290","detail":"Snohomish, WA"},{"name":"98444","detail":"Tacoma, WA"},{"name":"98503","detail":"Lacey, WA"},{"name":"98512","detail":"Olympia, WA"},{"name":"98604","detail":"Battle Ground, WA"},{"name":"98607","detail":"Camas, WA"},{"name":"98801","detail":"Wenatchee, WA"},{"name":"98837","detail":"Moses Lake, WA"},{"name":"98908","detail":"Yakima, WA"},{"name":"99337","detail":"Kennewick, WA"},{"name":"99504","detail":"Anchorage, AK"},{"name":"99654","detail":"Wasilla, AK"}]}